PRAGMA foreign_keys=OFF;
BEGIN TRANSACTION;
CREATE TABLE android_metadata (locale TEXT);
INSERT INTO android_metadata VALUES('en_US');
CREATE TABLE `place` (`placeId` TEXT NOT NULL, `name` TEXT NOT NULL, `kind` TEXT, PRIMARY KEY(`placeId`));
INSERT INTO place VALUES('elephant_odyssey','Elephant Odyssey','exhibit');
INSERT INTO place VALUES('monkey_forest','Money Forest','exhibit');
INSERT INTO place VALUES('parrot_world','Parrot World','exhibit');
INSERT INTO place VALUES('lion_kingdom','Lion Kingdom','exhibit');
INSERT INTO place VALUES('rabbit_paradise','Rabbit Paradise','exhibit');
INSERT INTO place VALUES('yummy_hot_dog','Yummy Hot Dog','restaurant');
CREATE TABLE `place_tag_cross_ref` (`placeId` TEXT NOT NULL, `tagId` INTEGER NOT NULL, PRIMARY KEY(`placeId`, `tagId`));
INSERT INTO place_tag_cross_ref VALUES('elephant_odyssey',1);
INSERT INTO place_tag_cross_ref VALUES('elephant_odyssey',2);
INSERT INTO place_tag_cross_ref VALUES('elephant_odyssey',3);
INSERT INTO place_tag_cross_ref VALUES('monkey_forest',4);
INSERT INTO place_tag_cross_ref VALUES('monkey_forest',2);
INSERT INTO place_tag_cross_ref VALUES('monkey_forest',3);
INSERT INTO place_tag_cross_ref VALUES('parrot_world',5);
INSERT INTO place_tag_cross_ref VALUES('parrot_world',6);
INSERT INTO place_tag_cross_ref VALUES('parrot_world',7);
INSERT INTO place_tag_cross_ref VALUES('lion_kingdom',2);
INSERT INTO place_tag_cross_ref VALUES('lion_kingdom',3);
INSERT INTO place_tag_cross_ref VALUES('lion_kingdom',8);
INSERT INTO place_tag_cross_ref VALUES('rabbit_paradise',2);
INSERT INTO place_tag_cross_ref VALUES('rabbit_paradise',7);
INSERT INTO place_tag_cross_ref VALUES('rabbit_paradise',9);
INSERT INTO place_tag_cross_ref VALUES('rabbit_paradise',10);
INSERT INTO place_tag_cross_ref VALUES('rabbit_paradise',11);
INSERT INTO place_tag_cross_ref VALUES('yummy_hot_dog',12);
INSERT INTO place_tag_cross_ref VALUES('yummy_hot_dog',13);
INSERT INTO place_tag_cross_ref VALUES('yummy_hot_dog',14);
CREATE TABLE `tag` (`tagId` INTEGER PRIMARY KEY AUTOINCREMENT NOT NULL, `name` TEXT);
INSERT INTO tag VALUES(1,'elephant');
INSERT INTO tag VALUES(2,'mammal');
INSERT INTO tag VALUES(3,'africa');
INSERT INTO tag VALUES(4,'monkey');
INSERT INTO tag VALUES(5,'parrot');
INSERT INTO tag VALUES(6,'bird');
INSERT INTO tag VALUES(7,'asia');
INSERT INTO tag VALUES(8,'Lion');
INSERT INTO tag VALUES(9,'rabbit');
INSERT INTO tag VALUES(10,'america');
INSERT INTO tag VALUES(11,'europe');
INSERT INTO tag VALUES(12,'restaurant');
INSERT INTO tag VALUES(13,'food');
INSERT INTO tag VALUES(14,'hotdog');
CREATE TABLE `plan_list` (`placeId` TEXT NOT NULL, `distance` REAL NOT NULL, PRIMARY KEY(`placeId`));
CREATE TABLE room_master_table (id INTEGER PRIMARY KEY,identity_hash TEXT);
INSERT INTO room_master_table VALUES(42,'1ab676942f1407fb4c9c4787b3bae8f8');
DELETE FROM sqlite_sequence;
INSERT INTO sqlite_sequence VALUES('tag',14);
CREATE INDEX `index_place_tag_cross_ref_tagId` ON `place_tag_cross_ref` (`tagId`);
CREATE UNIQUE INDEX `index_tag_name` ON `tag` (`name`);
COMMIT;